{"cameraMode":{"drawMode":0,"name":"Shaded","section":"Shading Mode"},"sceneLighting":true,"audioPlay":false,"sceneViewState":{"showFog":true,"showMaterialUpdate":false,"showSkybox":true,"showFlares":true,"showImageEffects":true,"showParticleSystems":true},"in2DMode":false,"pivot":{"x":2.4514901638031008,"y":0.8613030910491943,"z":-0.023715466260910035},"rotation":{"x":-0.034097786992788318,"y":0.20011334121227265,"z":-0.0069686234928667549,"w":-0.9791548252105713},"size":5.5452375411987309,"orthographic":false}