{"cameraMode":{"drawMode":0,"name":"Shaded","section":"Shading Mode"},"sceneLighting":true,"audioPlay":false,"sceneViewState":{"showFog":false,"showMaterialUpdate":false,"showSkybox":false,"showFlares":false,"showImageEffects":false,"showParticleSystems":false},"in2DMode":false,"pivot":{"x":52.20747375488281,"y":2.5086746215820314,"z":0.6791074275970459},"rotation":{"x":0.02293543517589569,"y":-0.12713876366615296,"z":0.0028245337307453157,"w":0.9916872978210449},"size":29.24965476989746,"orthographic":false}